INSERT INTO Stores (store_id) VALUES
(0),
(1),
(2),
(3),
(4),
(5),
(6),
(7),
(8),
(9),
(10);

INSERT INTO vendors (vendor_id) VALUES
(1),
(2),
(3),
(4),
(5);

INSERT INTO products (product_id, item_desc, price_per_unit, vendor_id) VALUES
(1, 'Cooking Oil', 2.49, 5),
(2, 'Basmati Rice', 12.79, 4),
(3, 'Biscuits', 12.61, 2),
(4, 'Pasta', 12.22, 4),
(5, 'Sugar', 6.28, 4),
(6, 'Wheat Flour', 17.16, 1),
(7, 'Shampoo', 9.38, 3),
(8, 'Cookies', 14.26, 4),
(9, 'Toothpaste', 3.7, 1),
(10, 'Detergent', 11.68, 4),
(11, 'Tomato Ketchup', 9.16, 1),
(12, 'Salt', 14.61, 1),
(13, 'Pasta', 17.82, 1),
(14, 'Tea', 4.64, 1),
(15, 'Toothpaste', 4.74, 3),
(16, 'Soap', 9.37, 5),
(17, 'Cooking Oil', 13.41, 3),
(18, 'Milk Powder', 15.05, 5),
(19, 'Shampoo', 8.01, 4),
(20, 'Pasta', 16.73, 3);

INSERT INTO inventory (store_id, product_id, quantity, stocked_in) VALUES
(1, 1, 0, '2024-01-21'),
(1, 2, 9, '2024-01-08'),
(1, 3, 0, '2024-01-06'),
(1, 4, 0, '2024-01-24'),
(1, 5, 0, '2024-01-25'),
(1, 6, 0, '2024-01-24'),
(1, 7, 1, '2024-01-05'),
(1, 8, 0, '2024-01-02'),
(1, 9, 0, '2024-01-15'),
(1, 10, 0, '2024-01-20'),
(1, 11, 0, '2024-01-16'),
(1, 12, 19, '2024-01-10'),
(1, 13, 0, '2024-01-09'),
(1, 14, 0, '2024-01-22'),
(1, 15, 0, '2024-01-13'),
(1, 16, 19, '2024-01-29'),
(1, 17, 0, '2024-01-21'),
(1, 18, 0, '2024-01-05'),
(1, 19, 4, '2024-01-16'),
(1, 20, 4, '2024-01-02'),
(2, 1, 10, '2024-01-16'),
(2, 2, 14, '2024-01-10'),
(2, 3, 0, '2024-01-06'),
(2, 4, 0, '2024-01-09'),
(2, 5, 0, '2024-01-27'),
(2, 6, 0, '2024-01-10'),
(2, 7, 0, '2024-01-17'),
(2, 8, 0, '2024-01-20'),
(2, 9, 0, '2024-01-17'),
(2, 10, 0, '2024-01-17'),
(2, 11, 0, '2024-01-05'),
(2, 12, 0, '2024-01-13'),
(2, 13, 0, '2024-01-08'),
(2, 14, 0, '2024-01-03'),
(2, 15, 0, '2024-01-09'),
(2, 16, 0, '2024-01-31'),
(2, 17, 0, '2024-01-02'),
(2, 18, 13, '2024-01-25'),
(2, 19, 0, '2024-01-27'),
(2, 20, 0, '2024-01-21'),
(3, 1, 10, '2024-01-31'),
(3, 2, 0, '2024-01-22'),
(3, 3, 0, '2024-01-10'),
(3, 4, 22, '2024-01-19'),
(3, 5, 15, '2024-01-20'),
(3, 6, 0, '2024-01-05'),
(3, 7, 0, '2024-01-02'),
(3, 8, 0, '2024-01-15'),
(3, 9, 0, '2024-01-20'),
(3, 10, 0, '2024-01-22'),
(3, 11, 2, '2024-01-02'),
(3, 12, 8, '2024-01-22'),
(3, 13, 13, '2024-01-28'),
(3, 14, 12, '2024-01-12'),
(3, 15, 7, '2024-01-15'),
(3, 16, 6, '2024-01-25'),
(3, 17, 0, '2024-01-01'),
(3, 18, 0, '2024-01-30'),
(3, 19, 0, '2024-01-08'),
(3, 20, 0, '2024-01-08'),
(4, 1, 2, '2024-01-10'),
(4, 2, 0, '2024-01-22'),
(4, 3, 9, '2024-01-30'),
(4, 4, 0, '2024-01-14'),
(4, 5, 3, '2024-01-16'),
(4, 6, 0, '2024-01-06'),
(4, 7, 0, '2024-01-02'),
(4, 8, 0, '2024-01-08'),
(4, 9, 0, '2024-01-16'),
(4, 10, 0, '2024-01-01'),
(4, 11, 0, '2024-01-22'),
(4, 12, 0, '2024-01-30'),
(4, 13, 0, '2024-01-10'),
(4, 14, 0, '2024-01-07'),
(4, 15, 0, '2024-01-16'),
(4, 16, 0, '2024-01-07'),
(4, 17, 0, '2024-01-22'),
(4, 18, 5, '2024-01-11'),
(4, 19, 0, '2024-01-04'),
(4, 20, 0, '2024-01-02'),
(5, 1, 0, '2024-01-06'),
(5, 2, 0, '2024-01-01'),
(5, 3, 0, '2024-01-06'),
(5, 4, 0, '2024-01-28'),
(5, 5, 0, '2024-01-04'),
(5, 6, 0, '2024-01-14'),
(5, 7, 0, '2024-01-06'),
(5, 8, 0, '2024-01-21'),
(5, 9, 0, '2024-01-05'),
(5, 10, 15, '2024-01-09'),
(5, 11, 0, '2024-01-14'),
(5, 12, 0, '2024-01-30'),
(5, 13, 0, '2024-01-01'),
(5, 14, 0, '2024-01-25'),
(5, 15, 0, '2024-01-13'),
(5, 16, 0, '2024-01-17'),
(5, 17, 0, '2024-01-30'),
(5, 18, 0, '2024-01-01'),
(5, 19, 0, '2024-01-19'),
(5, 20, 0, '2024-01-29'),
(6, 1, 0, '2024-01-01'),
(6, 2, 15, '2024-01-17'),
(6, 3, 0, '2024-01-26'),
(6, 4, 0, '2024-01-26'),
(6, 5, 6, '2024-01-05'),
(6, 6, 0, '2024-01-16'),
(6, 7, 0, '2024-01-04'),
(6, 8, 0, '2024-01-13'),
(6, 9, 19, '2024-01-06'),
(6, 10, 0, '2024-01-01'),
(6, 11, 16, '2024-01-13'),
(6, 12, 0, '2024-01-29'),
(6, 13, 0, '2024-01-14'),
(6, 14, 0, '2024-01-26'),
(6, 15, 0, '2024-01-25'),
(6, 16, 4, '2024-01-27'),
(6, 17, 0, '2024-01-11'),
(6, 18, 0, '2024-01-26'),
(6, 19, 18, '2024-01-01'),
(6, 20, 0, '2024-01-23'),
(7, 1, 0, '2024-01-14'),
(7, 2, 0, '2024-01-16'),
(7, 3, 0, '2024-01-11'),
(7, 4, 0, '2024-01-01'),
(7, 5, 14, '2024-01-27'),
(7, 6, 0, '2024-01-30'),
(7, 7, 0, '2024-01-17'),
(7, 8, 0, '2024-01-15'),
(7, 9, 0, '2024-01-28'),
(7, 10, 0, '2024-01-08'),
(7, 11, 0, '2024-01-26'),
(7, 12, 0, '2024-01-16'),
(7, 13, 0, '2024-01-07'),
(7, 14, 0, '2024-01-22'),
(7, 15, 0, '2024-01-07'),
(7, 16, 0, '2024-01-09'),
(7, 17, 0, '2024-01-28'),
(7, 18, 0, '2024-01-09'),
(7, 19, 0, '2024-01-12'),
(7, 20, 0, '2024-01-07'),
(8, 1, 0, '2024-01-12'),
(8, 2, 18, '2024-01-15'),
(8, 3, 0, '2024-01-04'),
(8, 4, 0, '2024-01-29'),
(8, 5, 0, '2024-01-22'),
(8, 6, 0, '2024-01-26'),
(8, 7, 0, '2024-01-31'),
(8, 8, 12, '2024-01-04'),
(8, 9, 21, '2024-01-02'),
(8, 10, 0, '2024-01-05'),
(8, 11, 0, '2024-01-14'),
(8, 12, 2, '2024-01-11'),
(8, 13, 11, '2024-01-12'),
(8, 14, 0, '2024-01-06'),
(8, 15, 0, '2024-01-25'),
(8, 16, 16, '2024-01-31'),
(8, 17, 0, '2024-01-20'),
(8, 18, 0, '2024-01-28'),
(8, 19, 0, '2024-01-18'),
(8, 20, 0, '2024-01-30'),
(9, 1, 18, '2024-01-05'),
(9, 2, 0, '2024-01-22'),
(9, 3, 0, '2024-01-26'),
(9, 4, 0, '2024-01-05'),
(9, 5, 0, '2024-01-02'),
(9, 6, 0, '2024-01-12'),
(9, 7, 0, '2024-01-24'),
(9, 8, 12, '2024-01-12'),
(9, 9, 12, '2024-01-13'),
(9, 10, 7, '2024-01-23'),
(9, 11, 0, '2024-01-23'),
(9, 12, 3, '2024-01-11'),
(9, 13, 4, '2024-01-19'),
(9, 14, 0, '2024-01-03'),
(9, 15, 0, '2024-01-28'),
(9, 16, 0, '2024-01-12'),
(9, 17, 13, '2024-01-13'),
(9, 18, 20, '2024-01-25'),
(9, 19, 0, '2024-01-04'),
(9, 20, 0, '2024-01-12'),
(10, 1, 6, '2024-01-16'),
(10, 2, 0, '2024-01-15'),
(10, 3, 0, '2024-01-11'),
(10, 4, 13, '2024-01-06'),
(10, 5, 0, '2024-01-12'),
(10, 6, 0, '2024-01-12'),
(10, 7, 0, '2024-01-06'),
(10, 8, 0, '2024-01-07'),
(10, 9, 0, '2024-01-18'),
(10, 10, 0, '2024-01-28'),
(10, 11, 0, '2024-01-06'),
(10, 12, 19, '2024-01-17'),
(10, 13, 0, '2024-01-28'),
(10, 14, 0, '2024-01-09'),
(10, 15, 0, '2024-01-10'),
(10, 16, 2, '2024-01-02'),
(10, 17, 8, '2024-01-11'),
(10, 18, 0, '2024-01-28'),
(10, 19, 0, '2024-01-10'),
(10, 20, 0, '2024-01-04');

INSERT INTO StockMovements (movement_id, store_id, product_id, type, quantity, timestamp) VALUES
(1, 5, 1, 'sale', 0, '2024-03-16 00:00:00'),
(2, 10, 17, 'stock_in', 8, '2024-02-04 00:00:00'),
(3, 5, 15, 'sale', 0, '2024-03-26 00:00:00'),
(4, 6, 2, 'stock_in', 17, '2024-03-14 00:00:00'),
(5, 2, 18, 'sale', 0, '2024-01-23 00:00:00'),
(6, 4, 18, 'stock_in', 5, '2024-01-11 00:00:00'),
(7, 4, 14, 'manual_removal', 0, '2024-03-07 00:00:00'),
(8, 1, 2, 'stock_in', 9, '2024-01-12 00:00:00'),
(9, 4, 10, 'sale', 0, '2024-02-08 00:00:00'),
(10, 7, 18, 'sale', 0, '2024-02-26 00:00:00'),
(11, 1, 6, 'sale', 0, '2024-01-03 00:00:00'),
(12, 10, 12, 'stock_in', 7, '2024-01-05 00:00:00'),
(13, 2, 13, 'manual_removal', 0, '2024-02-13 00:00:00'),
(14, 6, 12, 'manual_removal', 0, '2024-03-19 00:00:00'),
(15, 2, 2, 'stock_in', 14, '2024-03-28 00:00:00'),
(16, 3, 4, 'stock_in', 11, '2024-01-14 00:00:00'),
(17, 2, 7, 'sale', 0, '2024-01-07 00:00:00'),
(18, 8, 13, 'stock_in', 11, '2024-02-02 00:00:00'),
(19, 10, 12, 'stock_in', 12, '2024-02-10 00:00:00'),
(20, 5, 16, 'manual_removal', 0, '2024-03-28 00:00:00'),
(21, 3, 15, 'sale', 0, '2024-03-25 00:00:00'),
(22, 5, 16, 'sale', 0, '2024-03-29 00:00:00'),
(23, 9, 9, 'stock_in', 12, '2024-02-23 00:00:00'),
(24, 3, 14, 'manual_removal', 0, '2024-02-13 00:00:00'),
(25, 1, 12, 'stock_in', 19, '2024-01-16 00:00:00'),
(26, 7, 4, 'sale', 0, '2024-03-16 00:00:00'),
(27, 3, 14, 'sale', 0, '2024-01-07 00:00:00'),
(28, 3, 15, 'stock_in', 7, '2024-02-05 00:00:00'),
(29, 1, 16, 'stock_in', 19, '2024-02-29 00:00:00'),
(30, 9, 12, 'stock_in', 3, '2024-01-12 00:00:00'),
(31, 9, 13, 'stock_in', 4, '2024-02-13 00:00:00'),
(32, 6, 2, 'sale', 2, '2024-02-28 00:00:00'),
(33, 9, 17, 'stock_in', 13, '2024-03-01 00:00:00'),
(34, 4, 19, 'manual_removal', 0, '2024-02-02 00:00:00'),
(35, 2, 1, 'stock_in', 17, '2024-03-05 00:00:00'),
(36, 10, 1, 'stock_in', 6, '2024-02-05 00:00:00'),
(37, 10, 11, 'stock_in', 13, '2024-02-12 00:00:00'),
(38, 5, 20, 'sale', 0, '2024-03-05 00:00:00'),
(39, 8, 2, 'stock_in', 2, '2024-03-02 00:00:00'),
(40, 1, 19, 'stock_in', 4, '2024-01-22 00:00:00'),
(41, 10, 5, 'manual_removal', 0, '2024-01-18 00:00:00'),
(42, 2, 18, 'stock_in', 13, '2024-01-17 00:00:00'),
(43, 10, 11, 'sale', 7, '2024-03-07 00:00:00'),
(44, 2, 1, 'sale', 7, '2024-02-04 00:00:00'),
(45, 4, 1, 'stock_in', 2, '2024-02-14 00:00:00'),
(46, 10, 11, 'sale', 6, '2024-02-22 00:00:00'),
(47, 4, 8, 'sale', 0, '2024-02-13 00:00:00'),
(48, 3, 1, 'sale', 0, '2024-02-10 00:00:00'),
(49, 9, 20, 'manual_removal', 0, '2024-03-01 00:00:00'),
(50, 3, 13, 'stock_in', 18, '2024-01-19 00:00:00'),
(51, 1, 7, 'stock_in', 1, '2024-01-26 00:00:00'),
(52, 8, 9, 'stock_in', 8, '2024-02-04 00:00:00'),
(53, 6, 16, 'sale', 0, '2024-01-09 00:00:00'),
(54, 4, 14, 'sale', 0, '2024-02-23 00:00:00'),
(55, 6, 5, 'stock_in', 3, '2024-02-22 00:00:00'),
(56, 8, 12, 'stock_in', 2, '2024-02-05 00:00:00'),
(57, 6, 5, 'stock_in', 3, '2024-03-11 00:00:00'),
(58, 6, 11, 'stock_in', 16, '2024-01-25 00:00:00'),
(59, 8, 4, 'sale', 0, '2024-01-16 00:00:00'),
(60, 3, 16, 'sale', 0, '2024-02-12 00:00:00'),
(61, 7, 19, 'sale', 0, '2024-01-31 00:00:00'),
(62, 3, 14, 'stock_in', 12, '2024-03-01 00:00:00'),
(63, 3, 12, 'stock_in', 8, '2024-03-13 00:00:00'),
(64, 3, 13, 'sale', 5, '2024-03-29 00:00:00'),
(65, 3, 11, 'stock_in', 2, '2024-01-14 00:00:00'),
(66, 9, 10, 'stock_in', 7, '2024-03-01 00:00:00'),
(67, 6, 19, 'stock_in', 18, '2024-02-14 00:00:00'),
(68, 8, 9, 'stock_in', 13, '2024-01-03 00:00:00'),
(69, 9, 8, 'stock_in', 12, '2024-01-28 00:00:00'),
(70, 10, 4, 'stock_in', 13, '2024-01-06 00:00:00'),
(71, 3, 1, 'stock_in', 10, '2024-01-12 00:00:00'),
(72, 3, 16, 'stock_in', 6, '2024-02-03 00:00:00'),
(73, 9, 18, 'sale', 0, '2024-01-04 00:00:00'),
(74, 7, 2, 'stock_in', 3, '2024-02-22 00:00:00'),
(75, 9, 15, 'stock_in', 6, '2024-01-29 00:00:00'),
(76, 9, 1, 'stock_in', 18, '2024-01-26 00:00:00'),
(77, 7, 2, 'manual_removal', 3, '2024-01-07 00:00:00'),
(78, 8, 8, 'stock_in', 12, '2024-02-28 00:00:00'),
(79, 4, 17, 'manual_removal', 0, '2024-01-19 00:00:00'),
(80, 5, 16, 'sale', 0, '2024-03-27 00:00:00'),
(81, 5, 10, 'stock_in', 15, '2024-02-25 00:00:00'),
(82, 3, 4, 'stock_in', 11, '2024-03-27 00:00:00'),
(83, 10, 8, 'sale', 0, '2024-03-21 00:00:00'),
(84, 6, 16, 'stock_in', 4, '2024-02-14 00:00:00'),
(85, 4, 9, 'sale', 0, '2024-02-24 00:00:00'),
(86, 4, 5, 'stock_in', 15, '2024-02-22 00:00:00'),
(87, 6, 9, 'stock_in', 19, '2024-03-25 00:00:00'),
(88, 9, 18, 'stock_in', 20, '2024-03-08 00:00:00'),
(89, 2, 7, 'manual_removal', 0, '2024-03-18 00:00:00'),
(90, 1, 20, 'stock_in', 4, '2024-03-29 00:00:00'),
(91, 3, 5, 'stock_in', 15, '2024-01-15 00:00:00'),
(92, 4, 5, 'manual_removal', 12, '2024-03-18 00:00:00'),
(93, 9, 15, 'sale', 6, '2024-03-31 00:00:00'),
(94, 4, 3, 'stock_in', 9, '2024-02-07 00:00:00'),
(95, 8, 16, 'stock_in', 16, '2024-03-24 00:00:00'),
(96, 4, 12, 'sale', 0, '2024-02-22 00:00:00'),
(97, 8, 2, 'stock_in', 16, '2024-01-25 00:00:00'),
(98, 7, 19, 'sale', 0, '2024-03-17 00:00:00'),
(99, 7, 5, 'stock_in', 14, '2024-01-04 00:00:00'),
(100, 10, 16, 'stock_in', 2, '2024-01-22 00:00:00');

INSERT INTO Users (user_Name, user_Pass) VALUES
('admin','password'),
('random1','password');
